Header,Section
"From FedEx to airlines, companies are starting to lose their pricing power",Automobile
CNBC Daily Open: Will the S&P end 2023 on a record high?,Automobile
"CNBC Daily Open: For the S&P, the last mile’s the longest",Automobile
"Why the $7,500 EV tax credit may be easier — and harder — to get in 2024",Automobile
"China’s Xiaomi unveils its first EV as it looks to compete with Porsche, Tesla",Automobile
Cars are losing their value at a slower rate,Automobile
"Tesla recalls 120,000 vehicles over potentially faulty doors that could open in a crash",Automobile
Honda recalling more than 2.5 million vehicles over potential fuel pump issue,Automobile
New car sales are expected to rise slightly next year in the U.S.,Automobile
"Will 2024 be a good time to buy a car? Here’s what to expect, auto experts say",Automobile
How Tesla rose to retail investor stardom: ‘It’s always in people’s minds’,Automobile
Tesla hiring Nordic policy expert as ‘WWE-like standoff’ with unions intensifies,Automobile
"Tesla drivers had highest accident rate, BMW drivers highest DUI rate: study",Automobile
GM has cut its Buick dealership network in half through buyouts,Automobile
Tesla to raise pay for hourly Nevada Gigafactory workers in January,Automobile
Nikola founder Trevor Milton sentenced to four years in prison for fraud,Automobile
Cruise in danger of becoming GM’s latest trendy venture that doesn’t pay off,Automobile
"GM to lay off 1,300 Michigan workers as vehicles end production",Automobile
"GM’s Cruise laying off 900, or 24% of its workforce: Read the memo here",Automobile
Cadillac reveals three-row Vistiq to round out electric SUV lineup,Automobile
Top EVs are losing tax credits as U.S. boots China from supply chain,Automobile
GM’s Cruise autonomous vehicle unit dismisses nine leaders amid safety probe,Automobile
Why Ford should double down on hybrids as it backs off EVs,Automobile
Ford cuts planned 2024 production of electric F-150 Lightning in half,Automobile
"UAW files unfair labor practice charges against Hyundai, Honda, Volkswagen",Automobile
"China’s livestream shopping is booming, fueling new tech such as avatars and AI",Automobile
Why automakers are turning to hybrids in the middle of the EV transition,Automobile
"Musk’s woes deepen as Tesla loses Swedish case, Finnish union joins blockade",Automobile
Why the U.S. has a serious mining worker shortage,Automobile
Why experts say falling EV prices could actually hinder widespread adoption,Automobile
"Ferrari’s $400,000 Purosangue is a dream to drive. Just don’t call it an SUV",Automobile
Jim Cramer gets answers from the CEOs of Amazon and Ford. Here’s where he stands,Automobile
‘You can’t just make your own rules’: Tesla faces Scandi revolt as Danes join Swedish strike,Automobile
Waymo is full speed ahead as safety incidents and regulators stymie Cruise,Automobile
"Stellantis resurrects small Fiat 500e EV for the U.S., starting at $34,095",Automobile
China’s EV carmaker Nio jumps 4% after reporting narrower-than-expected losses,Automobile
Ford’s strong hybrid sales show the company needs to pivot to increase profits,Automobile
Jim Cramer’s top 10 things to watch in the stock market Monday,Automobile
How $100 billion mining giant Rio Tinto is poised to benefit from the EV boom,Automobile
Elon Musk hypes Tesla Cybertruck at deliveries event in Austin,Automobile
"Ford reinstates 2023 guidance, says UAW deal to cost $8.8 billion over life of the contract",Automobile
"UAW launches union campaigns at Tesla, 12 other automakers in the U.S.",Automobile
GM says union labor deals will increase costs by $9.3 billion,Automobile
"GM initiates $10 billion buyback, boosts dividend and reinstates 2023 guidance after UAW strikes",Automobile
"Huawei is pushing its tech into the EV world with new cars, automaker partnerships",Automobile
"2023 was the auto industry’s year of EV investment, but consumers still prefer hybrids",Automobile
How a specialty vehicle manufacturer is electrifying firetrucks,Automobile
Forget Tesla. Portfolio manager names another way — and stock — to play the EV market,Automobile
You can now lease a Rivian R1T electric pickup in select markets,Automobile
Was your car recalled? Here’s how to make sure your car is fit for long-distance travel,Automobile
"Ford to scale back plans for $3.5 billion battery plant as EV demand disappoints, labor costs rise",Automobile
"Analysts love these EV-related stocks, giving 2 of them more than 100% upside",Automobile
Cruise CEO Kyle Vogt resigns from GM-owned robotaxi unit,Automobile
"Ford union workers ratify UAW deal, closing out historic negotiations with Detroit automakers",Automobile
"Cadillac reveals its new entry-level EV, a compact crossover called the Optiq",Automobile
UAW members ratify new contract with Chrysler owner Stellantis,Automobile
Rolls-Royce shares at one-year high despite ‘defective’ engine jibes from Emirates boss,Automobile
Volvo shares tumble to record low as Chinese owner Geely sells off stock,Automobile
CNBC Daily Open: Investors realize they’ve been too optimistic,Automobile
China’s transition to EVs is so fast that Volkswagen is on track for its worst local sales in years,Automobile
"Amazon will allow auto dealers to sell cars on its site, starting with Hyundai",Automobile
"Elon Musk boosts antisemitic tweet, claims ADL and other groups push ‘anti-white’ messaging",Automobile
GM union workers ratify UAW deal following contentious vote,Automobile
GM-UAW deal back on track for ratification after major plant approves pact,Automobile
Here’s why the UAW’s record deals with automakers aren’t getting full support from members,Automobile
Donating a used car can be a charitable gift — but it probably won’t benefit your taxes,Automobile
Fisker shares sink 18% after EV maker discloses ‘material weaknesses’ in financial reporting,Automobile
"Fisker reports wider-than-expected losses, underwhelming deliveries for the third quarter",Automobile
Stellantis offers buyouts to roughly half of U.S. salaried workers,Automobile
"The global EV market is set to hit a milestone soon. These battery stocks will stand out, HSBC says",Automobile
This EV battery stock has potential double-digit gains ahead. UBS thinks it could even surge 100%,Automobile
Startup Li Auto is beating Tesla China’s EV sales,Automobile
"Tesla shares drop 5% after HSBC initiates coverage, says sell",Automobile
Biden says all autoworkers deserve deals like those the UAW won from Detroit automakers,Automobile
"Polestar cuts its guidance as it retools its business plan for lower EV sales, higher profits",Automobile
GM’s Cruise is recalling 950 robotaxis after pedestrian collision,Automobile
China’s truck industry is buying more driver-assist technology,Automobile
Stellantis’ new Ram pickup is an EV — with a gas-powered generator in case the battery runs out,Automobile
Cruise confirms robotaxis rely on human assistance every four to five miles,Automobile
Warren Buffett keeps selling BYD. Why some analysts still say it’s a buy,Automobile
GM is expected to invest $13 billion in U.S. facilities under new UAW deal,Automobile
Why San Francisco’s robotaxi rollout has been such a mess,Automobile
"UAW has Tesla, Toyota in its sights after contract wins at Detroit automakers",Automobile
Here are 4 big trades for the portfolio this week and 2 difficult rating changes,Automobile
Chinese Tesla rival Nio cuts 10% of workforce as CEO predicts ‘intense competition’,Automobile
"UAW-Stellantis deal includes $18.9 billion in investments, new truck for idled plant",Automobile
Nissan CEO weighs in on how the EV market has changed since Covid,Automobile
Nikola’s loss widens following a costly recall of its battery-electric semi trucks,Automobile
"Ferrari again raises guidance as customers opt for high-priced, personalized sports cars",Automobile
Why one Tesla manager thinks used cars are ‘absolutely pivotal’ for EVs,Automobile
"CNBC Daily Open: The Fed keeps rates, markets celebrate",Automobile
"Chinese EV startups Xpeng, Li Auto deliver a record number of cars in October",Automobile
Toyota raises its outlook as strong hybrid demand juices profits,Automobile
Why dealers say EV sales have slowed,Automobile
"Aston Martin shares plunge on volume target cut, lingering debt",Automobile
UAW strikes cost Stellantis about $3.2 billion in revenue,Automobile
"Winners and losers of the UAW talks with GM, Ford and Stellantis",Automobile
CNBC Daily Open: Market bounce may not last,Automobile
CNBC Daily Open: Markets’ bounce may be short-lived,Automobile
We’re not ready to bail on Ford after the UAW deal. But we have lots of questions,Automobile
"Tesla shares drop 5% on Panasonic battery warning, down 18% since Q3 earnings report",Automobile
"GM reaches tentative deal with UAW, ending strikes at Detroit automakers after six weeks",Automobile
Canadian auto union reaches deal with Stellantis after brief labor strike,Automobile
"UAW deal with Ford includes $8.1 billion in investments, $5,000 ratification bonuses",Automobile
UAW in tentative deal to end labor strike with Stellantis but expands its strike at General Motors,Automobile
"GM, UAW may be nearing a labor deal after marathon negotiating session",Automobile
Ford shares fall 12% after earnings underline worries about costs and EV plans,Automobile
Chinese smartphone maker Xiaomi releases a new operating system as it plans car integration,Automobile
"Cruise pauses all driverless operations after pedestrian collisions, permit suspensions in California",Automobile
Ford will postpone about $12 billion in EV investment as buyers become more cautious,Automobile
"Hertz pulls back on EV plans citing Tesla price cuts, high repair costs",Automobile
"Ford misses Wall Street’s Q3 expectations, pulls guidance due to UAW strike, pending deal",Automobile
Here’s what we think about Ford stock after tentative UAW deal and ahead of earnings,Automobile
Uber begins offering rides in self-driving Waymo cars,Automobile
Mercedes-Benz shares fall nearly 6% as profit falls; CFO bemoans ‘brutal’ EV pricing,Automobile
"Jeep, Dodge maker Stellantis to invest $1.6 billion in Chinese EV startup Leapmotor",Automobile
BMW says diversifying risks does not mean it is leaving China,Automobile
"Ford, UAW reach tentative deal to end labor strikes",Automobile
We’re hopeful the UAW strike isn’t costing Ford as much lost production as GM,Automobile
"GM, Honda scrap plans to co-develop ‘affordable’ sub-$30,000 EVs",Automobile
Nikola’s stock surges 9% after disgraced founder Trevor Milton ordered to repay $165 million,Automobile
"Why GM is reviving the Bolt, the best-selling EV it almost discontinued",Automobile
UAW expands strike to crucial GM SUV plant in Texas hours after automaker reports earnings,Automobile
GM tops Q3 expectations but pulls full-year guidance due to mounting UAW strike costs,Automobile
"Tesla discloses DOJ probes over vehicle range, personal benefits and more",Automobile
UAW expands strike to Stellantis pickup truck plant in Michigan,Automobile
GM and Ford will answer to Wall Street and the UAW with third-quarter earnings this week,Automobile
UAW says ‘more to be won’ despite record offers from automakers; declines to expand strikes,Automobile
"Tesla stock ends the week down 15%, the worst performance of the year",Automobile
Chinese EV stocks tank after Tesla earnings disappoint,Automobile
Tesla CEO Elon Musk sounds pessimistic note about economy on earnings call,Automobile
Want to see what weak discretionary spending looks like? See Winnebago’s results,Automobile
Apple supplier Foxconn says it’s ‘way too late’ to chase dominance in cutting-edge chips,Automobile
Stockholm bans diesel- and gas-powered cars from driving downtown starting 2025,Automobile
GM to delay all-electric truck production at Michigan plant until late 2025,Automobile
Federal regulators open probe into Cruise after pedestrian injury reports,Automobile
Lucid shares fall after third-quarter EV deliveries disappoint,Automobile
"In rare move, Ford executive chair calls on UAW to make a deal and end ‘acrimonious’ talks",Automobile
When is it OK to violate your cost basis to buy more shares of a company?,Automobile
"As Tesla price cuts concede billions in sales, investors push Elon Musk to finally spend on ads",Automobile
What to make of the UAW’s shifting strike tactics after the latest escalation,Automobile
Ford says it’s ‘at the limit’ of what it can offer UAW as strikes escalate,Automobile
"Cramer urges investors to stick with Ford, even as latest strike risks denting profits",Automobile
"Whistleblowers filed Tesla complaint in 2021, but SEC never interviewed them. Here’s what it said",Automobile
"Delta says Hollywood, auto strikes are denting business travel",Automobile
Why Cramer expects mega cap stocks will ‘shine’ in Thursday trading,Automobile
"UAW launches strike against Ford’s Kentucky truck plant, signaling major escalation in labor fight",Automobile
ChargePoint shares fall after EV charging operator announces $232 million raise,Automobile
"Stellantis, Samsung SDI to build $3.2 billion EV battery plant in Indiana",Automobile
General Motors reaches deal with Canadian autoworkers hours after union initiates strikes,Automobile
"Treasury Department aims to make it easier to get $7,500 EV tax credit in 2024",Automobile
Xpeng suspends supply chain boss for corruption probe,Automobile
"Canadian autoworkers strike against General Motors, joining UAW",Automobile
Israel-Hamas war causes oil prices to spike. Here’s what U.S. drivers need to know,Automobile
Tesla’s China EV sales fall 11%,Automobile
UAW Mack Trucks union members to join striking Detroit autoworkers after voting down tentative deal,Automobile
Here’s how New York City is planning to spend $15 billion raised from a new congestion pricing toll,Automobile
UAW Mack Trucks deal could be a test for worker demands amid Detroit automaker negotiations,Automobile
UAW will not expand strikes at Detroit automakers after last-minute GM proposal,Automobile
Tesla cuts Model 3 and Model Y prices in the U.S. after car deliveries fall,Automobile
Hyundai and Kia to adopt Tesla’s EV charging tech next year,Automobile
"GM’s stock hits three-year low amid UAW strike, potential air bag recall",Automobile
Lucid’s shares fall after company launches a cheaper version of the Air EV to boost demand,Automobile
Jim Cramer says Ford may eventually look to shift some production to Mexico amid UAW strike,Automobile
Rivian shares fell over 20% after the EV maker said it plans to raise $1.5 billion,Automobile
Rolls-Royce CEO Torsten Muller-Otvos retires after boosting sales sixfold,Automobile
"Toyota, LG Energy Solution sign $3 billion battery supply deal in U.S. EV push",Automobile
CNBC Daily Open: Brief reprieve for investors,Automobile
GM secures new $6 billion credit line as UAW strike costs reach $200 million,Automobile
Ford pickup truck sales lead third-quarter growth,Automobile
San Francisco woman trapped under autonomous Cruise vehicle after being struck in hit and run,Automobile
GM’s third-quarter sales jump 21% as UAW strike slowly expands,Automobile
"As EV sales surge and cars get heavier, parking garages will have to change",Automobile
Rivian reports better-than-expected EV deliveries for the third quarter,Automobile
"Tesla reported 435,059 deliveries for the third quarter, and production of 430,488 vehicles",Automobile
"CNBC Daily Open: Oversold in September, bounce in October?",Automobile
How Tesla is at the center of the UAW strikes,Automobile
Ford CEO says UAW is ‘holding the deal hostage’ over EV battery plants,Automobile
"UAW announces new strikes at GM and Ford plants, spares Stellantis citing ‘momentum’ in talks",Automobile
A big EV purchase decision that’s not about the car model you buy,Automobile
Automakers grow frustrated over pace of UAW negotiations as new strike deadline looms,Automobile
"EEOC sues Tesla, alleging widespread racist harassment of Black workers, retaliation",Automobile
"VinFast aims to sell up to 50,000 EVs in 2023 — but it has only hit 23% of its target so far",Automobile
"Trump seeks UAW endorsement while criticizing EVs, Biden in Michigan",Automobile
UAW again threatens to expand strikes at Detroit automakers if progress isn’t made by Friday,Automobile
UAW leader condemns Trump ahead of Michigan visit during union strike,Automobile
UAW strikes threaten already vulnerable auto parts suppliers,Automobile
UBS thinks this beaten-down electric vehicle charging stock can bounce back and rally more than 85%,Automobile
"Biden stands with striking UAW autoworkers in Michigan, supports big pay raise",Automobile
Jim Cramer thinks Rivian is a worth a look for investors looking to buy an EV stock,Automobile
"Used cars are older, pricier. 3 things to think about when shopping for a previously owned vehicle",Automobile
"UAW strike: Biden, Trump seek blue-collar votes in swing state Michigan",Automobile
Jim Cramer’s top 10 things to watch in the stock market Tuesday,Automobile
EU trade chief says the outcome of China EV probe cannot be prejudged,Automobile
"Carousell says it’s ‘on track’ to profitability, plans to reduce losses this year",Automobile
"Biden’s visit to UAW picket line not influenced by Trump’s, White House says",Automobile
Tim Scott suggests workers who strike should be fired. Here’s what the law actually says,Automobile
Nissan says all new models launched in Europe will be fully electric,Automobile
Indonesia’s EV ambitions could help boost investments in the rest of Southeast Asia,Automobile
Going beyond Tesla: ETF bets solely on electric vehicle makers,Automobile
"Investors see a biotech comeback in 2024 as rates fall, deal-making picks up. Stocks to watch",Health_and_Science
Medicare drug price negotiations will face major tests in 2024,Health_and_Science
"AI, wearables and more — these markets are booming as the world ages",Health_and_Science
Obesity and Alzheimer’s drugs pack one-two punch to power Eli Lilly higher in 2024,Health_and_Science
Oprah’s flip on weight loss drugs is a sign of what’s to come for the ‘Ozempic trade’ in 2024,Health_and_Science
Karuna Therapeutics surges 47% after Bristol Myers Squibb announces $14B deal,Health_and_Science
Here are the big health sector themes to watch next year,Health_and_Science
Asia’s year in review: Who had it good — and who had it bad — in 2023,Health_and_Science
CDC director says U.S. isn’t yet near peak Covid or flu levels for the season,Health_and_Science
"Singapore’s latest Covid spike may be peaking, but keep vaccinating: Health minister",Health_and_Science
Weight loss drugs and Alzheimer’s treatments: Huge firsts defined 2023 in pharma,Health_and_Science
"SEC charges ex-CEO of medical device company with fraud, says some devices fake",Health_and_Science
"Our update on all 33 stocks in the portfolio, including those we’d buy on dips",Health_and_Science
The weight loss drug boom isn’t over yet — here’s what to expect next year,Health_and_Science
Prescriptions for Lilly’s weight-loss drug confirm its bright outlook,Health_and_Science
"Coca-Cola recalled 2,000 cases of drinks due to potential contamination",Health_and_Science
"Moderna, Merck cancer vaccine reduces risk of skin cancer returning",Health_and_Science
The next Ozempic? Where M&A could be heading in the obesity drug space,Health_and_Science
Vertex shares pop after nonopioid painkiller posts positive trial results,Health_and_Science
Supreme Court agrees to hear showdown over abortion pill access,Health_and_Science
How doctors are using Google’s new AI models for health care,Health_and_Science
"Weight gain after stopping Lilly’s obesity treatment should help, not hurt shares",Health_and_Science
Weight loss from Eli Lilly’s Zepbound reverses after patients stop drug,Health_and_Science
Flying solo without Cigna will keep Humana focused on 2 big priorities in 2024,Health_and_Science
"Cigna shares jump on abandoned Humana buyout, plans for $10 billion buyback",Health_and_Science
Criminals make millions by counterfeiting drugs – here’s how Big Pharma fights it,Health_and_Science
"U.S. approves first gene-editing treatment, Casgevy, for sickle cell disease",Health_and_Science
U.S. poised to approve first gene-editing treatment,Health_and_Science
Biden administration asserts power to seize drug patents in move to slash prices,Health_and_Science
Biden administration delays ban on menthol cigarettes until 2024,Health_and_Science
AbbVie to acquire neuroscience drugmaker Cerevel Therapeutics for $8.7 billion,Health_and_Science
Senators launch bipartisan probe of private equity’s growing role in U.S. health care,Health_and_Science
Eli Lilly weight loss drug Zepbound now available at U.S. pharmacies,Health_and_Science
CVS to change how it prices prescription drugs with new reimbursement model,Health_and_Science
Reproductive startup launches test to identify embryo’s genetic defects before IVF pregnancy begins,Health_and_Science
"Free ChatGPT may incorrectly answer drug questions, study says",Health_and_Science
"L.A. poultry firm hired kids as young as 14 to work with sharp knives, Labor Dept. says",Health_and_Science
Roche targets obesity pill with Carmot Therapeutics takeover,Health_and_Science
Pfizer’s twice-daily weight loss pill joins a long list of obesity drug flops,Health_and_Science
Why Pfizer’s latest stumble in the obesity market is a boon for Eli Lilly,Health_and_Science
Pfizer to discontinue twice-daily weight loss pill due to high rates of adverse side effects,Health_and_Science
"Novo Nordisk sues two pharmacies for allegedly selling tainted Wegovy, Ozempic knockoffs",Health_and_Science
Biotech stocks jump on AbbVie deal to buy cancer drugmaker ImmunoGen for $10 billion,Health_and_Science
Jim Cramer blasts the prospect of a Humana-Cigna deal — it could never be approved by regulators,Health_and_Science
Nashville’s startup scene is booming as health-tech investors and founders flock to the Music City,Health_and_Science
Covid vaccine rates in the U.S. are slumping — and it will be a challenge to boost them,Health_and_Science
"Cigna, Humana shares fall after report health-care giants are in talks to merge",Health_and_Science
Citi is so bullish on this biotech stock it gives it 800% potential upside,Health_and_Science
Jim Cramer knocks down a new analyst sell rating on a medtech stock as shortsighted,Health_and_Science
"Mounjaro is more effective than Ozempic for weight loss, real-world study says",Health_and_Science
Why the American Red Cross makes money from donated blood,Health_and_Science
China reports no ‘unusual or novel pathogens’ after WHO seeks data on respiratory illness outbreak,Health_and_Science
Can you hack your brain? These companies are driving innovation in the field of brain stimulation,Health_and_Science
U.S. to offer another round of free at-home Covid tests starting Monday,Health_and_Science
‘The silent pandemic’: A hotter world makes it harder to stop the spread of deadly superbugs,Health_and_Science
"Rosalynn Carter, former first lady and tireless humanitarian who advocated for mental health issues, dies at 96",Health_and_Science
"CDC expedites release of more doses of infant RSV drug from Sanofi, AstraZeneca amid shortage",Health_and_Science
Here’s what Wall Street is saying about obesity drug Wegovy following Novo Nordisk’s key study,Health_and_Science
Pfizer wants in on the weight loss drug market – and upcoming data will be crucial for its success,Health_and_Science
Amputees say this bionic hand startup gives them both strength and grace,Health_and_Science
Novo Nordisk’s weight loss drug Wegovy slashes risk of serious heart events,Health_and_Science
"Lilly trades at a premium to Ozempic maker Novo as obesity drugs boom. Here’s why, analyst says",Health_and_Science
"Patients are lining up for $2,500 full-body MRI scans that can detect cancer early",Health_and_Science
Amazon adds a new reason to get and keep Prime: member discounts on health-care services,Health_and_Science
"FDA approves Eli Lilly’s tirzepatide for weight loss, paving way for wider use of blockbuster drug",Health_and_Science
"Pharmacy walkout organizers help launch national push to unionize pharmacists, technicians",Health_and_Science
Health AI startup Cercle debuts with backing from Sheryl Sandberg,Health_and_Science
Ohio voters enshrine abortion rights in state constitution,Health_and_Science
"These are the stocks that will benefit — and lose out — from the wellness trend, Morgan Stanley says",Health_and_Science
Planet Fitness shares surge as company raises revenue outlook,Health_and_Science
Wall Street asks how weight loss drugs will affect consumer giants — but it may be too soon to tell,Health_and_Science
"The Ozempic effect has battered this weight loss stock, but Morgan Stanley says it’s a top pick",Health_and_Science
"High school kids are vaping less, FDA and CDC say",Health_and_Science
Novo Nordisk says 80% of insured U.S. patients taking Wegovy pay less than $25 a month,Health_and_Science
Eli Lilly says supply of blockbuster diabetes drug Mounjaro has improved in U.S.,Health_and_Science
Eli Lilly results top estimates on Mounjaro strength but slashes full-year profit outlook,Health_and_Science
Moderna stock falls as sinking Covid vaccine demand drives steep loss,Health_and_Science
The sell-off in Humana is overdone after strong earnings. Jim Cramer says buy the stock,Health_and_Science
New lung cancer screening guidelines expand who should get tested annually,Health_and_Science
Doctors have a new way to scrub personal information from internet after spike in harassment,Health_and_Science
"CVS results top expectations, lifted by strong health services revenue",Health_and_Science
"Pfizer swings to quarterly loss due to Paxlovid, Covid vaccine write-offs",Health_and_Science
"Some pharmacy staff from Walgreens, other chains are walking out again — what you need to know",Health_and_Science
Here are 5 anti-obesity drug stocks besides Novo Nordisk and Eli Lilly to watch into year-end,Health_and_Science
We had a busy week of trades in an oversold market. Here’s the day-by-day breakdown,Health_and_Science
"Pharmacy staff from Walgreens, CVS say they’re at a breaking point — here’s what their days look like",Health_and_Science
"Pfizer’s combination Covid, flu vaccine will move to final-stage trial after positive data",Health_and_Science
Bristol Myers Squibb earnings top estimates even as top-selling drug fights generic competition,Health_and_Science
"Merck results beat expectations on strong Keytruda sales, surprise Covid drug growth",Health_and_Science
More convenient form of breakthrough Alzheimer’s drug Leqembi shows promising results in study,Health_and_Science
RSV vaccine from GSK shows potential to protect adults 50 to 59,Health_and_Science
Picking health insurance can be tricky: 6 key terms to know as open enrollment starts,Health_and_Science
We’re buying more of this life sciences stock after an earnings-driven decline,Health_and_Science
Amazon considers offering veterinary telehealth as it looks to compete with Walmart,Health_and_Science
"As Ozempic and Wegovy take off, this startup just raised $20 million to tackle weight loss with data",Health_and_Science
Wall Street hikes forecasts for anti-obesity drug sales to $100 billion and beyond,Health_and_Science
These stocks are trying to solve a major shortcoming of weight loss drugs: Shrinking muscle mass,Health_and_Science
Supreme Court blocks restrictions on Biden administration efforts to remove contentious social media posts,Health_and_Science
CVS to pull certain cold medicines containing decongestant phenylephrine from store shelves,Health_and_Science
Sanofi to offer insulin product for $35 to all Americans through GoodRx,Health_and_Science
"Pfizer to price Covid drug Paxlovid at $1,390 per course",Health_and_Science
Amazon begins delivering medications by drone in Texas,Health_and_Science
FDA proposes ban on hair relaxers with formaldehyde,Health_and_Science
"Johnson & Johnson beats on earnings and hikes outlook as medtech, pharmaceutical sales surge",Health_and_Science
"Pfizer gets upgrade at Jefferies, which says there’s a buying opportunity in the pharma giant",Health_and_Science
"UBS upgrades this ‘core’ health-care stock, sees nearly 20% upside",Health_and_Science
"Some pharmacy staff from Walgreens, other chains are walking out again — what you need to know",Health_and_Science
Here are 5 anti-obesity drug stocks besides Novo Nordisk and Eli Lilly to watch into year-end,Health_and_Science
We had a busy week of trades in an oversold market. Here’s the day-by-day breakdown,Health_and_Science
"Pharmacy staff from Walgreens, CVS say they’re at a breaking point — here’s what their days look like",Health_and_Science
"Pfizer’s combination Covid, flu vaccine will move to final-stage trial after positive data",Health_and_Science
Bristol Myers Squibb earnings top estimates even as top-selling drug fights generic competition,Health_and_Science
"Merck results beat expectations on strong Keytruda sales, surprise Covid drug growth",Health_and_Science
More convenient form of breakthrough Alzheimer’s drug Leqembi shows promising results in study,Health_and_Science
RSV vaccine from GSK shows potential to protect adults 50 to 59,Health_and_Science
Picking health insurance can be tricky: 6 key terms to know as open enrollment starts,Health_and_Science
We’re buying more of this life sciences stock after an earnings-driven decline,Health_and_Science
Amazon considers offering veterinary telehealth as it looks to compete with Walmart,Health_and_Science
"As Ozempic and Wegovy take off, this startup just raised $20 million to tackle weight loss with data",Health_and_Science
Wall Street hikes forecasts for anti-obesity drug sales to $100 billion and beyond,Health_and_Science
These stocks are trying to solve a major shortcoming of weight loss drugs: Shrinking muscle mass,Health_and_Science
Supreme Court blocks restrictions on Biden administration efforts to remove contentious social media posts,Health_and_Science
CVS to pull certain cold medicines containing decongestant phenylephrine from store shelves,Health_and_Science
Sanofi to offer insulin product for $35 to all Americans through GoodRx,Health_and_Science
"Pfizer to price Covid drug Paxlovid at $1,390 per course",Health_and_Science
Amazon begins delivering medications by drone in Texas,Health_and_Science
FDA proposes ban on hair relaxers with formaldehyde,Health_and_Science
"Johnson & Johnson beats on earnings and hikes outlook as medtech, pharmaceutical sales surge",Health_and_Science
"Pfizer gets upgrade at Jefferies, which says there’s a buying opportunity in the pharma giant",Health_and_Science
"UBS upgrades this ‘core’ health-care stock, sees nearly 20% upside",Health_and_Science
Supreme Court declines to hear case challenging FDA authority to reject flavored e-cigarettes,Health_and_Science
Cramer says Vertex has a drug that may address the ‘largest market opportunity in the world’,Health_and_Science
Google announces new generative AI search capabilities for doctors,Health_and_Science
"Novavax’s updated Covid vaccine can still catch up to Pfizer, Moderna shots this fall",Health_and_Science
Kaiser Permanente health workers threaten more strikes if demands not met,Health_and_Science
Here are all the portfolio moves the Club made in this week’s oversold market,Health_and_Science
We’re booking some profits on this health insurance stock after waiting out its slump,Health_and_Science
"‘Long colds’ could be as common as ‘long Covid’ — with lasting effects, study says",Health_and_Science
JPMorgan says controversial eye disease treatment can more than double this biopharma stock,Health_and_Science
Philips shares fall 7% after U.S. drug regulator deals fresh blow to sleep device recall,Health_and_Science
"Do menopause retreats work — and why are people paying $15,000 for them?",Health_and_Science
Kaiser Permanente workers strike for second day in dispute over health-care staffing,Health_and_Science
"Weight loss drugs may be linked to stomach paralysis, other rare but severe issues, study says",Health_and_Science
Neuralink competitor Precision Neuroscience buys factory to build its brain implants,Health_and_Science
"Lab owner who defrauded Medicare to forfeit $187 million, Ferrari",Health_and_Science
"More than 75,000 workers strike at hundreds of Kaiser Permanente health facilities across U.S.",Health_and_Science
"Moderna combination Covid, flu vaccine moves to final stage trial after positive data",Health_and_Science
"It’s time to get bullish on this health tech name, now that it’s shed a drag on growth",Health_and_Science
Novartis unit Sandoz starts trading at 24 Swiss francs after completing spinoff,Health_and_Science
"Novavax updated Covid vaccine wins FDA, CDC backing, paving way to reach Americans within days",Health_and_Science
"Evercore ISI says this biotech stock is a high risk, high reward play, with more than 200% upside",Health_and_Science
Drugmakers opt in to Medicare drug price negotiations – here’s what happens next,Health_and_Science
Kaiser Permanente union workers poised to strike after contract expires,Health_and_Science
Big Food vs. Big Pharma: Companies bet on snacking just as weight loss drugs boom,Health_and_Science
Supreme Court declines to hear case challenging FDA authority to reject flavored e-cigarettes,Health_and_Science
Cramer says Vertex has a drug that may address the ‘largest market opportunity in the world’,Health_and_Science
Google announces new generative AI search capabilities for doctors,Health_and_Science
"Novavax’s updated Covid vaccine can still catch up to Pfizer, Moderna shots this fall",Health_and_Science
Kaiser Permanente health workers threaten more strikes if demands not met,Health_and_Science
Here are all the portfolio moves the Club made in this week’s oversold market,Health_and_Science
We’re booking some profits on this health insurance stock after waiting out its slump,Health_and_Science
"‘Long colds’ could be as common as ‘long Covid’ — with lasting effects, study says",Health_and_Science
JPMorgan says controversial eye disease treatment can more than double this biopharma stock,Health_and_Science
Philips shares fall 7% after U.S. drug regulator deals fresh blow to sleep device recall,Health_and_Science
"Do menopause retreats work — and why are people paying $15,000 for them?",Health_and_Science
Kaiser Permanente workers strike for second day in dispute over health-care staffing,Health_and_Science
"Weight loss drugs may be linked to stomach paralysis, other rare but severe issues, study says",Health_and_Science
Neuralink competitor Precision Neuroscience buys factory to build its brain implants,Health_and_Science
"Lab owner who defrauded Medicare to forfeit $187 million, Ferrari",Health_and_Science
"More than 75,000 workers strike at hundreds of Kaiser Permanente health facilities across U.S.",Health_and_Science
"Moderna combination Covid, flu vaccine moves to final stage trial after positive data",Health_and_Science
"It’s time to get bullish on this health tech name, now that it’s shed a drag on growth",Health_and_Science
Novartis unit Sandoz starts trading at 24 Swiss francs after completing spinoff,Health_and_Science
"Novavax updated Covid vaccine wins FDA, CDC backing, paving way to reach Americans within days",Health_and_Science
"Evercore ISI says this biotech stock is a high risk, high reward play, with more than 200% upside",Health_and_Science
Drugmakers opt in to Medicare drug price negotiations – here’s what happens next,Health_and_Science
Kaiser Permanente union workers poised to strike after contract expires,Health_and_Science
Big Food vs. Big Pharma: Companies bet on snacking just as weight loss drugs boom,Health_and_Science
Philip Morris considers selling stake in pharmaceuticals unit to boost health-care division,Health_and_Science
Fall Covid shot rollout gets off to a bumpy start as some patients see insurance delays,Health_and_Science
Elon Musk’s Neuralink is recruiting patients for its first human trial,Health_and_Science
"FDA rejects first needle-free alternative to EpiPens, calling for additional research",Health_and_Science
"4 in 5 employees in Asia have moderate to high mental health risk, study shows",Health_and_Science
Eli Lilly sues clinics allegedly selling knockoff versions of Mounjaro diabetes drug,Health_and_Science
Uninsured Americans can still get free Covid boosters — here’s how to find them,Health_and_Science
Google and the Defense Department are building an AI-powered microscope to help doctors spot cancer,Health_and_Science
Analysts predicted new obesity medicines would be blockbusters. Now they’re raising their forecasts,Health_and_Science
Planet Fitness shares sink after board ousts CEO in shocking move,Health_and_Science
"Covid, RSV and flu vaccines are now available — here’s how to decide whether to get them together",Health_and_Science
"More than 60,000 Kaiser Permanente workers vote to authorize strike",Health_and_Science
Abortions will resume in Wisconsin after state court rules against 1849 ban,Health_and_Science
New York expands legal marijuana sales licenses — but some would-be retailers feel left behind,Health_and_Science
New Covid boosters could reach Americans as soon as Thursday – here’s what you need to know,Health_and_Science
"Moderna says flu vaccine showed promising results in phase three trial, paving path to approval",Health_and_Science
"CDC recommends updated Covid vaccines for everyone ages 6 months and up, shots to start within days",Health_and_Science
"Decongestant found in popular cold, allergy medicines doesn’t actually work, FDA advisors say",Health_and_Science
Bet against America’s love for junk food? Morgan Stanley sees tough times ahead for snack stocks,Health_and_Science
FDA approves updated Covid vaccines from Pfizer and Moderna as hospitalizations rise,Health_and_Science
Covid vaccine rollout begins early in the UK with new variant under watch,Health_and_Science
"Ozempic and Wegovy may curb drinking, smoking and other addictive behaviors – here’s what we know",Health_and_Science
"The economy in 2024: A soft landing is in sight, but not without some danger ahead",Investing
"Will there be a recession in 2024? For bottom up investors, it may not matter",Investing
Ancora picks up a stake in Elanco. How the investor may push to improve margins,Investing
Brazil stocks enjoyed their best year since 2019. What to expect in the new year,Investing
Corporate bond yields are still attractive. What experts say to look for in 2024,Investing
Meet the manager who oversees the best performing stock fund this year,Investing
"These stocks will be the biggest Dow winners of 2024, according to analysts",Investing
Top tech analyst Mahaney likes this cheap travel stock into 2024,Investing
Could a bitcoin ETF approval be a sell-the-news event? What investors expect,Investing
Investor Michael Farr is back with this top 10 stocks he’s buying for 2024,Investing
Bank of America screened for small-cap stocks that could rally in January,Investing
Dividend-paying stocks could rise in 2024. Investors like these plays,Investing
"A look back at a remarkable year, and what should worry investors into 2024",Investing
Raymond James breaks down its top AI picks for 2024,Investing
Where ESG money managers say to invest in 2024,Investing
"Investors see a biotech comeback in 2024 as rates fall, deal-making picks up",Investing
Leon Cooperman remains one of the best-known and most prolific stock pickers,Investing
"Here are the most traded stocks heading into Christmas, Interactive Brokers says",Investing
"Buy these stocks for a potentially choppy 2024, Roth MKM says",Investing
These are the biggest Nasdaq winners of 2023. Where analysts see them going,Investing
These bonds offering tax-free income will still be a good deal in 2024,Investing
"Brad Gerstner, a top tech investor for 15 years, is showing no signs of slowing",Investing
Five defensive stocks to buy now if you think there’s recession risk ahead,Investing
"Stocks making the biggest moves premarket: Coherus, NetEase and more",Investing
Citi names its top stock picks for 2024 to navigate a potential slowdown,Investing
"Baird likes these stocks for 2024, including Nvidia",Investing
These Dow stocks struggled in 2023. Where analysts see them going in 2024,Investing
An options trade that makes money when consumer spending starts to slow down,Investing
Money market funds were hot in 2023. Here’s what to expect in 2024,Investing
"Stocks making the biggest moves premarket: Intel, Synopsys, Gracell and more",Investing
Oprah’s flip on weight loss drugs is a sign of what’s to come for the ‘Ozempic trade’ in 2024,Investing
"The option income ETF craze has started to cool, but Wall Street is betting it’s here to stay",Investing
Top Wall Street analysts like these stocks for their growth potential,Investing
China’s EV ambitions are only getting bolder. One stock expected to soar 50%.,Investing
The Magnificent Seven stocks led 2023′s market. Here’s what the pros expect for 2024,Investing
ETFs in 2024: Bitcoin funds and active bond plays are potential winners in the year ahead,Investing
Small caps are poised to outperform in 2024. A value investor offers five stocks to buy,Investing
"Bank of America shares its top stocks to buy in 2024, including this ‘show me’ name",Investing
Activism fades and losses mount — Short sellers had a brutal year and face tougher road ahead,Investing
Cevian takes a stake in UBS. How the activist’s track record with banks could help it build value,Investing
"Buy this Chinese internet stock that has suffered a sell-off, Morgan Stanley says",Investing
Cathie Wood’s highest conviction stock picks for 2024 include one with ‘life-changing innovation’,Investing
"UBS likes these chip stocks the best in 2024, including an under-the-radar AI play",Investing
Here are the big investors who beat the market in 2023 — and those suffering a bad year,Investing
Consumer stocks are ‘on a tear.’ Here are analysts’ top picks in the space for 2024,Investing
"UBS chart analysts say short Nvidia in 2024, see 20% to 30% correction in stock",Investing
Morgan Stanley’s top auto analyst Jonas likes these 2 underperformers to make a comeback in 2024,Investing
"Here are Friday’s biggest analyst calls: Nvidia, Nike, Amazon, Tesla, Disney, CVS, Netflix, Coinbase & more",Investing
"JMP Securities nearly doubles Coinbase price target, calls it the Amazon of crypto",Investing
Bank America says this corner of the bond market is a top play for 2024,Investing
Winners and losers in travel and leisure stocks will become clear in 2024. What to buy,Investing
Ark Invest’s Cathie Wood piles back into Tesla shares again after recent sales,Investing
Here are five small-cap value names to look at in 2024,Investing
An options hedge on the stock market if the Santa rally fails to continue,Investing
"Wall Street calls Micron earnings an ‘early Christmas present,’ Goldman sees 20% upside",Investing
There are still some cheap stocks left in the rally-leading tech sector heading into 2024,Investing
Big yields can invite risk. How to find the right dividend fund for your portfolio,Investing
These stocks are forming the winning golden cross pattern as the year comes to a close,Investing
How Tesla rose to retail investor stardom: ‘It’s always in people’s minds’,Investing
Why some on Wall Street think the regional bank recovery can become a rebound in 2024,Investing
"2024 energy outlook: What investors can expect from crude prices, and how to play it",Investing
A hedged options bet on Tesla’s run to continue into January,Investing
These are the favorite stocks for 2024 from UBS,Investing
India is a breakout star during a tough year for emerging markets investing,Investing
2024 is ‘not a normal year’: Key political elections loom for emerging markets,Investing
CD rates are dropping. Here’s where to find the highest payouts,Investing
This is MoffettNathanson’s top telecommunications stock for 2024,Investing
Wall Street sees these beaten-down stocks making a comeback in 2024,Investing
A bet that this monster rally is stalling out and this sector will start to suffer first,Investing
Income investor Jenny Harrington reveals her ‘bones of AI’ pick for 2024,Investing
This ‘free lunch’ stock trade into year-end has typically netted a 10% return,Investing
These are some of Wall Street’s favorite technology stocks for 2024,Investing
"Tuesday’s analyst calls: Solar upgrades, Jefferies highlights pet stock with big upside",Investing
"Here’s where to invest $50,000 heading into 2024, according to market pros",Investing
"Own these ‘high quality compounders’ with strong moats for the next 5 years, says Stephens Research",Investing
"Bond yields are retreating, and that bodes well for these cheap income-paying stocks in 2024",Investing
BMO says buy this little-known chemical stock with more than 30% upside,Investing
How to invest in Wall Street’s artificial intelligence boom,Investing
Generative AI has landed on Wall Street. Here’s how it can help propel ‘massive’ revenue growth,Investing
How to bet on this holiday shopping play with a trade that has 3-to-1 payoff potential,Investing
Buffett’s stock portfolio scores a solid year — even though he ignores any given annual return,Investing
"Here are Monday’s biggest analyst calls: Nvidia, Netflix, Tesla, Amazon, Sunnova, Boeing and more",Investing
"Monday’s analyst calls: Salesforce upgrade, Morgan Stanley sees more gains ahead for streaming giant",Investing
Asia’s family offices have been betting big on risk — but that could be changing,Investing
Top Wall Street analysts favor these 3 dividend stocks for the long haul,Investing
"Bernstein names its top tech stock picks for 2024, including this popular chipmaker",Investing
These 5 ETF trades can prepare your portfolio for 2024,Investing
Survey suggests demand for a bitcoin ETF may not live up to the hype,Investing
Jana sees big upside in this unusual technology play serving industries like construction,Investing
This fund manager says defense will be the key in 2024 as recession risks linger. 5 stocks to buy,Investing
These overbought stocks could be due for a pullback following market’s big week,Investing
"This high-quality bond fund is a ‘solid’ offering, says Morningstar",Investing
Trends don’t run forever. These ETFs can be contrarian winners in 2024,Investing
How to bet aggressively on this chipmaker mounting an AI-driven comeback,Investing
Insiders at companies such as Ford were buying big during this week’s market rally,Investing
"Jefferies says ‘all aboard’ the solar stock roller coaster, names its top picks for 2024",Investing
"Friday’s analyst calls: Solar stock with big upside, top retail plays for 2024",Investing
"Art Cashin shares his 2024 outlook: How stocks could fare under elections, AI boom, high valuations",Investing
The market thinks it can’t lose with the Fed’s policy pivot on interest rates,Investing
Nearly $6 trillion is sitting in money market funds. Here’s where that cash can go next,Investing
These stocks have the most to gain as the 10-year Treasury yield tumbles below 4%,Investing
This ETF had one of its biggest spikes in history post-Fed. How traders are playing it from here,Investing
Top EVs are losing tax credits next year as U.S. boots China from supply chain – the stocks at risk,Investing
The stocks that led the Dow’s run to a record this year and where Wall Street sees them going,Investing
"Here are Thursday’s biggest analyst calls: Apple, Tesla, Amazon, Wynn, Delta, Microsoft, Boeing",Investing
"Thursday’s analyst calls: Concert stock gets an upgrade, more gains ahead for Microsoft",Investing
JPMorgan’s top internet analyst names his 3 favorite picks for 2024,Investing
"HSBC says S&P 500 to reach 5,000 next year, but could rally even more in a soft landing",Investing
"Hedge funds are betting big against these stocks, doubting their comeback is for real",Investing
Yields will cool in 2024. Here’s how much you should stash in cash,Investing
"If you can’t build the next Ozempic, buy it: Where M&A could be heading in the obesity drug space",Investing
Goldman Sachs says buy this little-known internet stock with 50% upside,Investing
Goldman says a quick profit can be made before year-end with an options bet against this stock,Investing
"Buy these stocks that have solid footing heading into the new year, Trivariate says",Investing
"Here are Wednesday’s biggest analyst calls: Tesla, Apple, Amazon, Microsoft, Ferrari, Roblox, Disney",Investing
"Wednesday’s analyst calls: Top casino stocks for 2024, Ferrari gets a downgrade",Investing
Goldman names its favorite retail stock and others it likes in 2024,Investing
"Avoid these stocks that are at risk of cutting their dividends, says Wolfe Research",Investing
Comeback kids: These stocks are primed for a turnaround in 2024,Investing
"Bitcoin still has a bullish outlook despite this week’s pullback, says Fairlead Strategies",Investing
The rally is starting to broaden from mega caps. Here’s where smaller tech stocks can benefit,Investing
These little-known regional banks are leading AI innovation in the industry,Investing
A trade that pays off nicely into year-end even if you get it wrong — but there’s one catch,Investing
"Here are Tuesday’s biggest analyst calls: Apple, Tesla, Boeing, Airbnb, GM, Coinbase, Target, Macy’s",Investing
Goldman names its favorite internet stock for 2024,Investing
"Tuesday’s analyst calls: Goldman’s top retail play, BofA sees big gains for this shoe stock",Investing
BlackRock and China-led AIIB among backers of $800 million Asia-focused infrastructure fund,Investing
"Warren Buffett’s Berkshire Hathaway continues to sell HP shares, reducing stake to 5.2%",Investing
Evercore ISI sees big pullback in first half of 2024 as recession ‘materializes’,Investing
Investor Karen Firestone has her radar on this corner of the market in 2024,Investing
How muni bond ETFs can make tax-loss harvesting a smarter strategy,Investing
Goldman’s GARP picks for 2024: Finding growth stocks at a reasonable price,Investing
Concerned about valuations? Here’s a way to ‘rent’ tech stocks into year-end,Investing
"Here are Monday’s biggest analyst calls: Nvidia, Apple, Meta, Best Buy, Pinterest, Nike, Amazon",Investing
"Stocks making the biggest moves premarket: Cigna, Macy’s, Snap and more",Investing
"Monday’s analyst calls: Nvidia named a top pick, upgrade of cheap retail stock",Investing
Top Wall Street analysts are confident about these 3 promising stocks,Investing
JPMorgan picks China stocks to buy now. Alibaba’s not on the list,Investing
The ‘Dogs of the Dow’ finds blue chip stocks with big payouts. Here’s the list for 2024,Investing
This AI-powered ETF aims to remove investors’ emotional bias from the decision-making process,Investing
These food stocks can reap the benefit of easing inflation just in time for the busy holiday season,Investing
Wells Fargo is bullish on these five stocks heading into the new year,Investing
The face-wash play: Where to invest in beauty’s uniquely sticky subsector,Investing
How activist Palliser Capital may build shareholder value at Korean industrial giant Samsung C&T,Investing
Exxon Mobil is one of the most oversold names and could be primed for a bounce. Here are the others,Investing
Corporate insiders loaded up this week on these stocks,Investing
This bank offers an industry-leading savings account yield above 5%,Investing
How to bet on a comeback in energy stocks while getting paid to wait,Investing
Bernstein tech analyst’s best idea for 2024 is to short Tesla,Investing
AMD takes aim at Nvidia with new AI chips. Here’s what might be next for the stock,Investing
These energy stocks are getting close to a feared ‘death cross’ as crude oil tumbles,Investing
"Here are Friday’s biggest analyst calls: Apple, Tesla, Boeing, First Solar, Exxon, Meta and more",Investing
"Friday’s analyst calls: Big solar upgrade, Morgan Stanley sees strong gains for this chipmaker",Investing
Buying property in Asia? Real estate specialists give their investment tips,Investing
Trading the jobs report: What Goldman traders see happening Friday based on these scenarios,Investing
It’s never been easier to get 5% yields. How to soften the tax hit on your big income payers,Investing
These cheap stocks have P/Es less than 10 and big potential upside,Investing
GameStop’s potential new strategy: Let Ryan Cohen buy other stocks with company cash,Investing
"This tech storage play has 50% upside potential, Guggenheim says",Investing
Wall Street still bullish on cruise stocks as demand shows no sign of slowing,Investing
Retail investors are buying the most stocks since March 2022. Here’s where they are going,Investing
A way to bet against or hedge crypto if Jamie Dimon gets his way,Investing
Citi says investors can find alpha next year with these retail stocks even amid consumer worries,Investing
"Thursday’s analyst calls: Big upside for this EV stock, top bank picks for 2024",Investing
"Go long into 2024 with these stocks that are unloved and cheap, says Wolfe Research",Investing
"Here’s what chart analysts say about bitcoin’s path from here to $50,000",Investing
It’s been a ‘buy now pay later’ Christmas: What’s next for these stocks in 2024,Investing
"These stocks seeing tax-loss selling pressure are great rebound candidates, according to Wall Street",Investing
"Get out of cash in 2024. Here’s where you’ll find attractive income in the new year, BlackRock says",Investing
"TD Cowen names this ‘premium’ global sports league a top stock pick for 2024, sees 60% rally",Investing
"Economy to face slowdown in early 2024 so stay in defensive stocks, Wells Fargo’s CIO says",Investing
An options trade that could double in value if the tech sector runs out of steam,Investing
U.S. race to expand nuclear power could depend on this mining company,Investing
ETFs to buy and sell as the GLP-1 craze booms,Investing
"Wednesday’s analyst calls: Burger stock upgrade, auto racing name a top 2024 idea",Investing
"Big bank executives will assure lawmakers the industry’s crisis is over, KBW CEO Thomas Michaud says",Investing
"Coinbase comeback has further to go as retail investors are rediscovering crypto, Needham says",Investing
Bond yields will come down from their fever pitch in 2024. How to prepare your portfolio,Investing
Goldman breaks down the laggard trade and gives its comeback picks for first quarter 2024,Investing
This unusual company that cashes in on boardroom brawls is set for windfall from Disney-Peltz fight,Investing
Citi says buy this little-known biotech stock with nearly 60% upside,Investing
A way to bet against tech as cracks start to appear in the comeback,Investing
"S&P 500 rallies to key 4,600 level and nears all-time high. What chartists say happens next",Investing
The S&P 500 inclusion curse is now taking aim at Uber,Investing
"Here are Tuesday’s biggest analyst calls: Netflix, Apple, IBM, Coinbase, Nike, Domino’s and more",Investing
"Tuesday’s analyst calls: This pizza name is a ‘must-own’, lithium stock downgrade",Investing
"BlackRock’s Rick Rieder sees first rate cut in mid-2024, thinks market is pricing in easing too soon",Investing
These alcohol stocks are likely to avoid a one-two punch from Ozempic and abstinent Gen Z consumers,Investing
Bitcoin and gold are smashing through key levels. Here’s what’s driving the moves,Investing
"Keep buying this GLP-1 juggernaut that’s already up nearly 50% this year, TD Cowen says",Investing
"Buy these stocks with high dividend growth and free cash flow yield, Wolfe says",Investing
These stocks have doubled this year and analysts say they have even more to go,Investing
Morgan Stanley says this cybersecurity stock has further to go after becoming first in industry worth $100 billion,Investing
Reluctant to chase the rally? How to bet on a year-end pop with options,Investing
Uber gets the nod to join the S&P 500. Here’s where analysts see the stock going next,Investing
"Wall Street experts have high hopes for 2024, but they’re usually wrong",Investing
"Monday’s analyst calls: 30% upside for GM, Carvana upgrade, Throw in towel on this EV play",Investing
"China’s version of Spotify is ‘underappreciated,’ Morgan Stanley says",Investing
Top Wall Street analysts expect these dividend stocks to enhance total returns,Investing
Charlie Munger’s death brings home the inevitable future: Berkshire without Warren Buffett,Investing
Poland says ‘everything indicates’ a Russian missile briefly entered its airspace and left,Politics
Ex-Trump lawyer Michael Cohen says he unwittingly sent AI-generated fake legal cases to his attorney,Politics
Maine’s top election official rules Trump ineligible for 2024 primary ballot,Politics
Federal judge accepts redrawn Georgia congressional and legislative districts that will favor GOP,Politics
"With all eyes on Gaza and Ukraine, analysts fear these conflicts could erupt",Politics
Michigan court rejects appeal to disqualify Trump from 2024 ballot,Politics
"With hopes of victory fading, Ukraine’s fight against Russia could get harder",Politics
"As conflicts rage abroad, a fractured Congress tries to rally support for historic global challenges",Politics
"With the Supreme Court on the sideline for now, Trump’s lawyers press immunity claims before lower court in late-night filing",Politics
U.S.-China tensions fray academic ties. Will the chill hurt American interests?,Politics
Israel pushes for control in northern Gaza as health authorities and the Israeli military report mounting death tolls,Politics
Israel and Hamas measures get a look as most U.S. state legislatures meet for the first time since Oct. 7,Politics
"UN urges more Gaza aid, UN chief says Israel creating distribution ‘obstacles’",Politics
U.S. takes aim at financial institutions with new Russia sanctions authority,Politics
Lawmakers praise workers who unionized Wells Fargo branch in New Mexico,Politics
Former Swiss finance executive pleads guilty to $60 million tax evasion scheme,Politics
"Ex-Trump lawyer Giuliani files for bankruptcy protection, cites defamation debt",Politics
Special counsel pushes Supreme Court for quick action on Trump immunity appeal,Politics
Man pleads guilty in stock fraud case involving $100 million New Jersey deli,Politics
Ikea says products will be delayed due to Red Sea diversions,Politics
Houthi attacks rocking Red Sea trade routes likely won’t end anytime soon,Politics
Russia vows to retaliate if EU gives frozen assets to Kyiv; Ukraine hit with overnight drone attack,Politics
Thousands of Ukrainian POWs are missing in Russia,Politics
Trump urges Supreme Court to let lower court hear immunity appeal first,Politics
Billions on line for lenders as White House finalizes credit card late fee cap,Politics
U.S. swaps Maduro ally for ‘Fat Leonard’ in Venezuela prisoner exchange,Politics
Biden touts minority small business wins as Latino approval sags,Politics
"Feds raided Rudy Giuliani’s home and office in 2021 over Ukraine suspicions, unsealed papers show",Politics
Abramovich denies benefiting from Ukraine war after EU court upholds sanctions,Politics
"Kremlin calls Kyiv peace plan ‘absurd,’ U.S. says it will tighten Russian oil price cap enforcement",Politics
"Colorado Supreme Court blocks Trump from ballot, pauses ruling to allow appeal",Politics
Is Biden due for poll boost as economy improves? Pollsters say inflation looms large,Politics
U.S. Bank fined $36 million for freezing access to unemployment benefits,Politics
Trump wipes out Biden’s lead with Latino voters in 2024: CNBC survey,Politics
Abortion opponents settle suit with National Archives over ‘pro-life’ clothing ban incident,Politics
"Sandra Day O’Connor called a pioneer and ‘iconic jurist’ as she is memorialized by Biden, Roberts",Politics
Zelenskyy ‘confident’ U.S. funding will come through as White House warns aid about to expire,Politics
"Hearings, subpoenas, crackdowns: Inside House Republicans’ plan to ‘defund’ elite universities",Politics
"Trump judge slams credibility of paid expert in fraud case, suggests fee influenced testimony",Politics
Rudy Giuliani sued again by Georgia election workers seeking to bar more defamation,Politics
Former Trump aide Mark Meadows loses appeal to move Georgia election trial to federal court,Politics
U.S. launches Operation Prosperity Guardian to defend Red Sea shipping lanes from Houthi attacks,Politics
Trump makes long-shot bid to toss gag order in D.C. election case,Politics
"Clarence Thomas faces new financial scrutiny, recusal calls as Supreme Court weighs Trump case",Politics
5 things to know before the stock market opens Monday,Politics
Crypto super PAC network goes into 2024 with more than $75 million as it aims to influence election,Politics
Israel-linked hackers claim cyberattack that hit 70% of Iran’s gas stations,Politics
Israel launches fresh strikes on Gaza as UN nears vote on aid,Politics
Putin submits candidacy for Russia’s 2024 election; EU adopts 12th sanctions package,Politics
Biden campaign says Trump’s repeated anti-immigration comments ‘parroted Adolf Hitler’,Politics
"‘Good one, Donald’: Biden flaunts stock market record highs, mocks Trump for predicting ‘collapse’",Politics
Rudy Giuliani is ordered to pay over $148 million to 2 Georgia election workers for defamation,Politics
Two-month battle to replace ex-Rep. George Santos could cost $20 million,Politics
Supreme Court rejects appeal bid by Trump clemency recipient Philip Esformes,Politics
Russia’s central bank hikes interest rates; Hungary blocks financial aid for Ukraine,Politics
Impeachment vote boosts Biden campaign fundraising,Politics
"Congress passes $886 billion defense policy bill, Biden to sign into law",Politics
"Bull on the tracks delays trains in New York, New Jersey",Politics
European Union leaders agree to open membership talks with Ukraine,Politics
Biden administration to impose inflation penalties on dozens of drugmakers,Politics
EU at critical juncture over aid to Ukraine at the bloc’s final summit of 2023,Politics
Putin says goals in Ukraine have ‘not changed’ and war will continue until Kyiv agrees a deal,Politics
"European stocks close higher after Bank of England, ECB keep policy unchanged; Fed signals rate cuts",Politics
House approves impeachment inquiry into President Biden as Republicans rally behind investigation,Politics
"Judge pauses Trump D.C. election case pending appeal, puts trial date in question",Politics
"Congress could punt Ukraine aid to 2024, snarl government funding talks",Politics
FCC votes to ban termination fees for cable and satellite services,Politics
Former Facebook diversity strategist pleads guilty to stealing more than $4 million from company,Politics
"Hunter Biden defies subpoena, defends business record",Politics
"Glenn Youngkin praises Trump on economy, downplays ‘dictator’ fears",Politics
Appeals court rejects Trump presidential immunity challenge to E. Jean Carroll case,Politics
Japan PM to ax ministers as fundraising scandal swirls,Politics
"Russia slams Zelenskyy, says ‘everyone is tired of the beggar from Kyiv’; Ukrainian capital attacked",Politics
‘Too many things unaffordable:’ Biden fires up price wars as inflation cools,Politics
"Crypto investor Mike Novogratz, major Biden 2020 donor, to back long shot Dean Phillips",Politics
New York’s high court orders new congressional maps as Democrats move to retake control of U.S. House,Politics
"Trump sells snippets of mugshot suit, Mar-a-Lago dinner in latest NFT promotion",Politics
"Europeans are open to Ukraine joining the EU, but push back against Turkey and others",Politics
"Inflation fears down, consumer optimism up: Economy may start to help Biden with voters",Politics
UK political rebellion threatens PM Rishi Sunak’s leadership ahead of crunch vote,Politics
Yemen’s Houthi attacks Norwegian tanker after threat to target any Israel-bound ships,Politics
Can Hamas actually be eliminated? This is what military and security analysts think,Politics
Zelenskyy in Washington to discuss Ukraine aid impasse with Biden,Politics
"U.S. pension funds heavily invested in China complicate Washington’s crackdown, new analysis finds",Politics
‘Wizard of Oz’ dress could go up for big-money auction after judge tosses ownership lawsuit,Politics
"Former Rep. George Santos in plea deal talks with prosecutors, court filing says",Politics
Bernie Madoff victims get $159 million from Ponzi recovery fund in latest payout,Politics
Trump special counsel asks Supreme Court to decide presidential immunity question,Politics
Man charged in death threat to GOP presidential candidate Vivek Ramaswamy,Politics
"House panel subpoenas Vanguard, Arjuna in ESG ‘collusion’ probe",Politics
"U.S. has failed the Palestinian people, officials say after vetoed UN vote for Gaza cease-fire",Politics
"Biden to host Zelenskyy at the White House; Ukraine may need to ‘cede’ territory, U.S. senator says",Politics
Trump writes on social media he no longer plans to testify in civil fraud trial on Monday,Politics
Zelenskyy will meet Biden at the White House amid a stepped-up push for Congress to approve more aid,Politics
Argentine President Milei warns economic shock unavoidable in maiden speech,Politics
"UPenn President Liz Magill, board chair both resign following backlash over congressional antisemitism testimony",Politics
U.S. government uses emergency authority to provide tank shells to Israel,Politics
Ukraine aid in growing jeopardy as Republicans double down on their demands for border security,Politics
Texas Supreme Court temporarily blocks woman from emergency abortion,Politics
"Trump gag order upheld, but narrowed, in DC election case",Politics
"Trump PAC paid part of nearly $900,000 fee to fraud trial expert witness",Politics
"Binance founder Changpeng Zhao is too rich to leave the U.S. before criminal sentencing, judge says",Politics
U.S. issues strongest criticism of Israel yet as civilian deaths in Gaza surge,Politics
Russia’s Putin says he will run for president in 2024 elections: State media,Politics
Putin says he will run for re-election in March; U.S. aid hangs in balance after failed vote,Politics
North Dakota senator’s son charged with manslaughter in police chase that killed an officer,Politics
"House committee launches investigation of Harvard, MIT and UPenn over antisemitism fight",Politics
"BlackRock CEO Larry Fink accuses DeSantis, Ramaswamy of deliberately false attacks",Politics
"Russian spies targeting politicians with ‘malicious’ cyber campaign to undermine democracy, UK says",Politics
Trump in court for $250 million NY fraud trial that threatens his real estate empire,Politics
UK PM Rishi Sunak seeks to prevent right-wing revolt with ‘toughest immigration law ever’,Politics
UN chief invokes rarely used power to push for Israel-Hamas cease-fire,Politics
Putin’s spy chief says Ukraine could become a ‘second Vietnam’ for the U.S. as it drags on resources,Politics
"Biden’s support of Israel leaves him as isolated as Russia on the world stage, analyst says",Politics
Top EU officials meet with Xi in China summit with trade in focus,Politics
Martin Shkreli violated prison release to go on Tucker Carlson show: Court doc,Politics
Haley’s new Wall Street donors view Republican debate as first test she needed to ace,Politics
Haley’s Wall Street donor surge draws fire at GOP debate,Politics
"Police say 3 dead, fourth wounded and shooter also dead in University of Nevada, Las Vegas attack",Politics
Former Speaker Kevin McCarthy to resign from Congress at year-end,Politics
"New Trump administration will come after the media, ally warns",Politics
‘You can’t just make your own rules’: Tesla faces Scandi revolt as Danes join Swedish strike,Politics
"Putin makes rare visits to the UAE, Saudi Arabia to talk strengthened relations, Israel-Hamas war",Politics
DOJ files war crime charges; Russia flexes its muscles as Putin meets allies in Middle East,Politics
"Heavy fighting across Gaza halts most aid delivery, leaves civilians with few places to seek safety",Politics
"U.S. ‘losing a tremendous amount of credibility in the Arab world,’ ex-Egyptian minister says",Politics
Special election to replace ex-Rep. George Santos set for Feb. 13,Politics
Wall Street opens wallets wide for ‘Trump alternative’ Nikki Haley at $500K fundraiser,Politics
Putin says he will run for re-election in March; U.S. aid hangs in balance after failed vote,Politics
North Dakota senator’s son charged with manslaughter in police chase that killed an officer,Politics
"House committee launches investigation of Harvard, MIT and UPenn over antisemitism fight",Politics
"BlackRock CEO Larry Fink accuses DeSantis, Ramaswamy of deliberately false attacks",Politics
"Russian spies targeting politicians with ‘malicious’ cyber campaign to undermine democracy, UK says",Politics
Trump in court for $250 million NY fraud trial that threatens his real estate empire,Politics
UK PM Rishi Sunak seeks to prevent right-wing revolt with ‘toughest immigration law ever’,Politics
UN chief invokes rarely used power to push for Israel-Hamas cease-fire,Politics
Putin’s spy chief says Ukraine could become a ‘second Vietnam’ for the U.S. as it drags on resources,Politics
"Biden’s support of Israel leaves him as isolated as Russia on the world stage, analyst says",Politics
Top EU officials meet with Xi in China summit with trade in focus,Politics
Martin Shkreli violated prison release to go on Tucker Carlson show: Court doc,Politics
Haley’s new Wall Street donors view Republican debate as first test she needed to ace,Politics
Haley’s Wall Street donor surge draws fire at GOP debate,Politics
"Police say 3 dead, fourth wounded and shooter also dead in University of Nevada, Las Vegas attack",Politics
Former Speaker Kevin McCarthy to resign from Congress at year-end,Politics
"New Trump administration will come after the media, ally warns",Politics
‘You can’t just make your own rules’: Tesla faces Scandi revolt as Danes join Swedish strike,Politics
"Putin makes rare visits to the UAE, Saudi Arabia to talk strengthened relations, Israel-Hamas war",Politics
DOJ files war crime charges; Russia flexes its muscles as Putin meets allies in Middle East,Politics
"Heavy fighting across Gaza halts most aid delivery, leaves civilians with few places to seek safety",Politics
"U.S. ‘losing a tremendous amount of credibility in the Arab world,’ ex-Egyptian minister says",Politics
Special election to replace ex-Rep. George Santos set for Feb. 13,Politics
Wall Street opens wallets wide for ‘Trump alternative’ Nikki Haley at $500K fundraiser,Politics
"VP Kamala Harris ducks questions on TikTok, Elon Musk antisemitic post",Politics
Trump financial watchdog tells judge about $40 million in previously unreported transfers,Politics
House Republicans believe there are enough votes to expel Rep. George Santos this week,Politics
Mark Cuban says ‘no plans’ to run for president in 2024 on heels of Dallas Mavericks deal,Politics
JPMorgan CEO Jamie Dimon to business leaders: ‘Help Nikki Haley’,Politics
Man charged in alleged plot by Indian government official to assassinate U.S. citizen,Politics
Israel-Hamas truce extended by a day; Erdogan blasts Netanyahu as ‘butcher of Gaza’,Politics
"Russia slams Finland’s border closure, warns that tensions could arise if troops are deployed",Politics
White House puts corporate ‘price gouging’ front and center: ‘We see American families hurting’,Politics
Bank of America fined $12 million for mortgage disclosure violations by federal watchdog,Politics
"Donations to Hamas-linked charities spike 70% since Oct. 7 attack, Israeli officials say",Politics
Fox News founder Rupert Murdoch deposed in Smartmatic election lawsuit,Politics
Billionaire-backed Koch network endorses Nikki Haley for president,Politics
Hunter Biden offers to testify before Congress in December,Politics
"The U.S. needs ‘bipartisan’ leadership and a ‘strong middle’ politically, Ray Dalio says",Politics
Israel and Hamas accuse each other of truce breaches on fifth day of temporary cease-fire,Politics
Finland to close entire border with Russia; winter storms wreak havoc in Russia and Ukraine,Politics
‘Stop the price gouging’: Biden hits corporations over high consumer costs,Politics
Trump loses bid for Jan. 6 subpoenas in election case,Politics
"Trump will be final defense witness at New York fraud trial, lawyer says",Politics
Billionaire Ken Langone to meet with Nikki Haley in New York next week,Politics
5 things to know before the stock market opens Monday,Politics
Biden will convene his new supply chain council and announce 30 steps to strengthen U.S. logistics,Politics
Qatar says agreement reached to extend Israel-Hamas truce for two additional days; freed Palestinian prisoners arrive in West Bank city,Politics
Storms bring chaos to Ukraine and Russia; NATO says victory for Moscow would be a ‘tragedy’,Politics
Vermont gunman fired as investment adviser weeks before arrest in Palestinian student shooting,Politics
"Israel confirms 17 hostages released, including four-year-old American girl",Politics
Democratic Rep. Dean Phillips won’t run for reelection as he challenges Biden for president,Politics
Biden says pause in fighting is critical to get humanitarian aid to Gaza,Politics
Russia continues to pummel Avdiivka; four killed in southern shelling,Politics
New York City Mayor Eric Adams accused of 1993 sexual assault in legal filing,Politics
Putin’s peace talk comments send a signal to the West; Kremlin says Europe poses a threat to Russia,Politics
"Israel-Hamas cease-fire to start at 7 a.m. Friday, hostage release due at 4 p.m., Qatar says",Politics
"Biden Thanksgiving wish: Kudos for lower food, travel prices",Politics
Israel says hostage release will not take place before Friday; W.H.O. documents 178 attacks on Gaza health-care facilities,Politics
Putin calls war a ‘tragedy’; Moscow claims Ukraine is seeing ‘colossal losses’ after crossing river,Politics
Israel and Hamas reach deal to release 50 civilian women and children held in Gaza,Politics
Republican Celeste Maloy wins Utah’s 2nd Congressional District,Politics
Biden proposes ban on cable cord-cutting fees,Politics
Israeli official outlines more details on tentative deal to free Hamas hostages: NBC,Politics
"U.S. FDIC announces special committee to review allegations of sexual harassment, misconduct",Politics
Republican megadonor Mercer family weighs backing Trump as they maintain massive war chest,Politics
"Elon Musk’s X is ‘profiting off violent content’ by Hamas, House Democrats allege",Politics
China says it stands ready to work with Argentina despite Milei criticism,Politics
Israel and Hamas agree to 4-day cease-fire in Gaza; 50 hostages from Israel to be released,Politics
Russia says co-existence not possible with Ukraine’s current ‘regime’; Kyiv marks uprising anniversary,Politics
White House defends Musk SpaceX Pentagon contracts despite ‘antisemitic rhetoric’,Politics
"Senate committee subpoenas Live Nation, Ticketmaster after months-long probe",Politics
Prosecutors say they will not pursue second Sam Bankman-Fried trial,Technology
Tech stocks just wrapped up one of best years in past two decades after 2022 slump,Technology
"As we travel new AI world in 2024, it’s same old data privacy tradeoff for users",Technology
Apple underperformed top tech peers in 2023 due to longest revenue slide in 22 years,Technology
Nvidia to launch slower gaming chip in China to comply with U.S. export controls,Technology
Startup bubble fueled by Fed’s cheap money policy finally burst in 2023,Technology
"Affirm soared over 400% this year on buy now, pay later boom, beating its peers",Technology
16 stats that show branded content works,Technology
Ether rallies 6% in catch-up trade as investors position for January,Technology
Apple will sell latest Apple Watch models again after import ban temporarily stopped,Technology
"Generative AI big year meant profit for Nvidia, experiments elsewhere",Technology
"New York Times sues Microsoft, ChatGPT maker OpenAI over copyright infringement",Technology
Bitcoin’s 2023 rally drove some of the stock market’s biggest gains this year,Technology
"AI integration, device upgrades to drive a rebound in PC sales in 2024",Technology
Here are 3 stocks — other than Nvidia — getting an AI premium from Wall Street,Technology
MicroStrategy’s bitcoin bet produces over 300% gain for investors in 2023,Technology
The first minds to be controlled by generative AI will live inside video games,Technology
Apple executives Johny Srouji and John Ternus on its growing chip business,Technology
Tencent loses over $43 billion in market value after China proposes new online gaming rules,Technology
Apple has stopped selling some Apple Watches on its website over patent dispute,Technology
OpenAI rival Anthropic in talks to raise $750 million led by Menlo Ventures,Technology
"Coinbase secures crypto license in France, pushing deeper in Europe amid rift with the SEC",Technology
Electric scooter company Bird files for bankruptcy,Technology
Apple fails in bid to delay Apple Watch sales ban,Technology
Tesla blamed drivers for failures of parts it long knew were defective,Technology
Apple resolves outage affecting its payment features,Technology
"AI cannot be named as an ‘inventor,’ top UK court says in patent dispute",Technology
Venture capital firms expect fundraising in Southeast Asia to pick up in 2024,Technology
"SEC charges ex-CEO of medical device company with fraud, says some devices fake",Technology
Rite Aid to be barred from using facial recognition in proposed FTC settlement,Technology
"Tesla drivers had highest accident rate, BMW drivers highest DUI rate: study",Technology
Alphabet to limit election queries Bard and AI-based search can answer,Technology
An abused wife took on Tesla over tracking tech. She lost.,Technology
Affirm stock pops more than 15% on expanded Walmart partnership,Technology
VR market keeps shrinking as Meta pours billions into the metaverse,Technology
"GPT and other AI models can’t analyze an SEC filing, researchers find",Technology
Tesla to raise pay for hourly Nevada Gigafactory workers in January — could stave off union interest,Technology
"Google to pay $700 million to U.S. consumers, states in Play store settlement",Technology
FTX resolves dispute with Bahamian liquidators,Technology
"TSMC Chairman Mark Liu to retire in 2024, CEO recommended as successor",Technology
"Meta’s stock is wrapping up a record year, spurred by cost cuts that followed a disastrous 2022",Technology
Apple makes surprise decision to pause some Watch sales before Christmas over patent dispute,Technology
Adobe and Figma call off $20 billion acquisition after regulatory scrutiny,Technology
Illumina to divest cancer test maker Grail after antitrust battles,Technology
Musk’s X hit with first EU probe under new disinformation rules,Technology
SoftBank-backed metaverse firm Improbable sells a key gaming venture for $97 million,Technology
Shares of Chinese AI giant SenseTime plunge to an all-time low after founder’s death,Technology
The techno-optimists and doomsdayers inside Silicon Valley’s most dangerous AI debate,Technology
Activision Blizzard agrees to settle California case alleging discrimination against women,Technology
DocuSign shares spike on report company is exploring a sale,Technology
Fake TikTok accounts spread Russian war propaganda to millions,Technology
"LinkedIn shelved planned move to Microsoft Azure, opting to keep physical data centers",Technology
Amazon courts sellers at China summit as Temu and Shein gain momentum,Technology
Four men indicted in $80 million ‘pig butchering’ scheme,Technology
Intel unveils new AI chip to compete with Nvidia and AMD,Technology
"GM’s Cruise laying off 900 employees, or 24% of its workforce: Read the memo here",Technology
"CrowdStrike CEO George Kurtz on China, Microsoft and the SEC",Technology
Putin quizzed by apparent AI version of himself during live phone-in,Technology
Zuckerberg says Threads will dip its toe in the ‘fediverse’ as it opens to Europe,Technology
Amazon wins $270 million tax fight with the EU,Technology
Musk’s X hit with complaint alleging platform broke Europe’s strict privacy laws,Technology
"ChatGPT back online after ‘major outage,’ OpenAI says",Technology
"Temu files fresh lawsuit against Shein, accusing its rival of ‘mafia-style intimidation’",Technology
GM’s Cruise robotaxi unit dismisses nine ‘key leaders’ amid safety investigation,Technology
Adobe shares slide on weaker-than-expected forecast for 2024,Technology
How to stop Dropbox from sharing your personal files with OpenAI,Technology
OpenAI and Axel Springer strike unprecedented deal to offer news in ChatGPT,Technology
Twilio hired Qatalyst to advise on defense against activist investor group,Technology
Google is rolling out new AI models for health care. Here’s how doctors are using them,Technology
Tesla tweaks autopilot software after regulators recall more than 2 million cars,Technology
Why Tesla’s Cybertruck is so hard to mass produce,Technology
"$4.7 billion European fintech firm Pleo appoints new CFO, pointing to IPO hopes",Technology
Samsung and ASML to invest $760 million to build an advanced chip plant in South Korea,Technology
Google’s loss to Epic will likely have little impact in the near term,Technology
Apple introduces new iPhone security mode to protect against stolen passcodes,Technology
Epic Games CEO Tim Sweeney on why the company did better against Google than Apple in court,Technology
"Valued at $86 billion, OpenAI’s latest revenue filing shows how its financials are a mystery",Technology
Oracle shares fall more than 12% on light cloud revenue,Technology
"Amazon drone delivery executive who oversaw safety, FAA relations departs the company",Technology
Epic Games wins antitrust lawsuit against Google over barriers to its Android app store,Technology
"Op-ed: After crisis, Israel’s economy always comes back stronger",Technology
"TikTok and GoTo team up in Indonesia, threatening Southeast Asia’s e-commerce giant",Technology
Oracle shares slide as revenue misses estimates,Technology
More than 15% of teens say they’re on YouTube or TikTok ‘almost constantly’,Technology
Apple releases new Journal app as part of its latest iPhone update. Here’s what it’s like,Technology
Broadcom stock spikes to new yearlong high,Technology
Microsoft partners with labor groups to quell concerns about AI taking jobs,Technology
"Bitcoin slides 7% to under $41,000 in volatile trading following early December rally",Technology
Snap stock trading at highest price in over a year on Wells Fargo upgrade,Technology
Apple reportedly plans big overhaul to iPad family to make it less confusing,Technology
Elon Musk reactivates Alex Jones’ X account after a five-year ban,Technology
Japanese tech giant Rakuten plans to launch proprietary AI model,Technology
"SumUp, a rival to Jack Dorsey’s Block, defies fintech funding slump with $307 million cash injection",Technology
Meta’s Ray-Ban smart glasses look cool and work well if you want a camera on your face,Technology
"Google weighs Gemini AI project to tell people their life story using phone data, photos",Technology
EU agrees to landmark AI rules as governments aim to regulate products like ChatGPT,Technology
Google faces controversy over edited Gemini AI demo video,Technology
DJ duo The Chainsmokers want to use AI to clone their own voices,Technology
Rakuten makes first mobile foray into Europe as Japanese tech giant grapples with debt overhang,Technology
A 75-year-old Indian-American tech entrepreneur betting $1 billion of his own fortune on AI’s future,Technology
Microsoft’s investment in OpenAI faces initial review from UK competition regulator,Technology
"In a first for Singapore, livestreaming app 17LIVE goes public via SPAC merger",Technology
"Elon Musk considers reinstating Alex Jones’s X account, backtracking on prior decision",Technology
Elon Musk asks Supreme Court to undo ‘Twitter sitter’ agreement with SEC,Technology
AMD stock spikes after company launches AI chip to rival Nvidia,Technology
Google shares pop 5% after company announces Gemini AI model,Technology
PayPal shares slide after Amazon drops Venmo as payment option,Technology
Amazon tests grocery subscription service for Prime members,Technology
"Crown Castle CEO to retire, handing win to activist investor Elliott",Technology
Nominate a company for CNBC’s 2024 Disruptor 50 list,Technology
"IBM was early to AI, then lost its way. CEO Arvind Krishna explains what’s next",Technology
Robinhood launches crypto trading service in the EU,Technology
Meta to expand encryption on Messenger making it similar to WhatsApp,Technology
Microsoft’s president meets with the Chinese government to discuss AI co-operation,Technology
Meta and Microsoft say they will buy AMD’s new AI chip as an alternative to Nvidia’s,Technology
"Google launches its largest and ‘most capable’ AI model, Gemini",Technology
"Jamie Dimon lashes out against crypto: ‘If I was the government, I’d close it down’",Technology
"Governments are spying on Apple and Google users through phone notifications, U.S. senator says",Technology
‘You can’t just make your own rules’: Tesla faces Scandi revolt as Danes join Swedish strike,Technology
A ‘thirsty’ generative AI boom poses a growing problem for Big Tech,Technology
TikTok parent ByteDance offers share buyback valuing the Chinese giant at $268 billion,Technology
Ex-OpenAI director Reid Hoffman says we still don’t ‘fully know’ why board forced out Altman,Technology
Apple’s market cap closes above $3 trillion,Technology
Elon Musk’s AI startup — X.AI — files to raise $1 billion in fresh capital,Technology
Waymo is full speed ahead as safety incidents and regulators stymie competitor Cruise,Technology
"Bitcoin tops $44,000 for the first time since April 2022 as ETF optimism grows",Technology
Airbnb CFO Dave Stephenson moves to new role as company reaches ‘inflection point’,Technology
California YouTuber sentenced to prison after intentionally crashing plane,Technology
Reproductive startup launches test to identify embryo’s genetic defects before IVF pregnancy begins,Technology
China’s EV carmaker Nio jumps 4% after reporting narrower-than-expected losses,Technology
Rockstar Games publishes Grand Theft Auto VI trailer early after it was leaked on X,Technology
"How to send a digital gift card on Amazon, Venmo or Cash App",Technology
"Free ChatGPT may incorrectly answer drug questions, study says",Technology
Uber shares pop as company is slated to join S&P 500,Technology
Twilio lays off 5% of employees in unit activists want to divest,Technology
Spotify jumps after saying it will cut 17% of workforce — read the full memo from CEO Daniel Ek,Technology
"OpenAI COO Brad Lightcap talks about ChatGPT launch, DevDay and how Sam Altman thinks",Technology
"Crypto execs say the bull run is underway and could lead to $100,000 bitcoin in 2024",Technology
Meta’s AI chief doesn’t think AI super intelligence is coming anytime soon,Technology
How $100 billion mining giant Rio Tinto is poised to benefit from the EV boom,Technology
"Amazon broke labor law by calling Staten Island union organizers ‘thugs,’ interrogating workers",Technology
Uber shares pop on inclusion in S&P 500,Technology
"Inside Apple’s chip lab, home to the most ‘profound change’ at the company in decades",Technology
"Robinhood CEO defends payment for order flow, says practice is ‘here to stay’",Technology
"Federal judge blocks Montana’s TikTok ban, which would have been the first of its kind",Technology
Read Linda Yaccarino’s message to X employees about Elon Musk’s controversial DealBook interview,Technology
"UiPath stock spikes more than 26% after earnings beat, generative AI integration",Technology
Elon Musk hypes Tesla Cybertruck at deliveries event in Austin,Technology
One tiny country drove 15% of Nvidia’s revenue – here’s why it needs so many chips,Technology
"OpenAI tender offer is on track for January despite leadership fracas, sources say",Technology
Coinbase rallies more than 60% in same month that FTX and Binance founders brace for prison,Technology
Nashville’s startup scene is booming as health-tech investors and founders flock to the Music City,Technology
X CEO Linda Yaccarino addresses Musk’s ‘go f--- yourself’ comment to advertisers,Technology
Google could delete your old Gmail account as soon as Friday,Technology
Meta’s latest threats report shows risk of Chinese influence campaigns ahead of elections,Technology
Microsoft secures nonvoting board seat at OpenAI,Technology
"Zepz, a $5 billion fintech unicorn, is laying off more staff",Technology
Stock trading platform Robinhood to launch in UK after two failed attempts,Technology
Elon Musk says he won’t vote for Biden over Trump,Technology
"Elon Musk claims advertisers are trying to ‘blackmail’ him, says ‘Go f--- yourself’",Technology
FTC Chair Lina Khan defends track record on blocking mergers and doesn’t subscribe to Amazon Prime,Technology
Salesforce shares jump on better-than-expected earnings report,Technology
Nvidia CEO Jensen Huang says AI will be ‘fairly competitive’ with humans in 5 years,Technology
"Nvidia CEO: Senior executives don’t need pampering, career guidance",Technology
Nvidia CEO: U.S. chipmakers at least a decade away from China supply chain independence,Technology
Okta hackers stole data on all customer support users in major breach,Technology
"Google Maps changed colors and some people are upset, including a former designer",Technology
Apple is trying to unwind its Goldman Sachs credit card partnership,Technology
Pinduoduo parent sees transaction revenue surge 315% as Chinese consumers hunt for bargains,Technology
Meta updates political advertising rules to cover AI-generated images and videos,Technology
"Amazon announces Q, an AI chatbot for businesses",Technology
OpenAI rival Hugging Face says it’s seeing more client interest after Sam Altman fiasco,Technology
Amazon announces new AI chip as it deepens Nvidia relationship,Technology
UK regulators say Adobe’s $20 billion Figma acquisition could harm competition,Technology
Amazon touts ‘record-breaking’ sales in kickoff to holiday shopping season,Technology
Activist pressure increases on Twilio after Anson takes stake,Technology
Amazon wants businesses to use its palm-scanning tech to let employees into the office,Technology
SenseTime plunges after short seller alleges the Chinese AI firm inflated revenue,Technology
"European tech funding halves to $45 billion, back to pre-Covid levels — but AI is a bright spot",Technology
E-commerce stocks rally after Black Friday shoppers spend record online,Technology
Binance founder Changpeng Zhao ordered by judge to stay in U.S. ahead of prison sentencing,Technology
iRobot shares plunge 17% after EU warns Amazon deal ‘may restrict competition’,Technology
"Finnish startup Varjo launches new $3,990 mixed-reality headset to take on Apple, Microsoft",Technology
Tesla sues Swedish government after postal workers allegedly block license plate deliveries,Technology
Tesla beats claim that it fired factory workers amid union campaign,Technology
Apple iPhone maker Foxconn to invest $1.5 billion in India as it looks to build beyond China,Technology
Coinbase CEO says crypto industry can turn the page after historic Binance settlement,Technology
Flying taxi firm Lilium receives EU approval for its electric jets,Technology
TikTok owner ByteDance axes hundreds of jobs in gaming unit,Technology
"Israel hosts wartime visit by Elon Musk, eyes Starlink for Gaza",Technology
iRobot shares close up 39% on report Amazon deal set to get EU approval,Technology
"Bitcoin rises to new high for the year Friday above $38,000",Technology
Nvidia shares close down on report it delays China AI chip designed to comply with U.S. export rules,Technology
China’s Alibaba shakes up cloud unit management after scrapping the division’s IPO,Technology
Global smartphone sales rebound in October after declining for more than 2 years: Counterpoint,Technology
$115 million stolen from two crypto firms linked to Justin Sun after hack,Technology
Sam Altman’s back. Here’s who’s on the new OpenAI board and who’s out,Technology
OpenAI brings Sam Altman back as CEO less than a week after he was fired by board,Technology
How Meta could benefit from the OpenAI shakeup,Technology
"Binance users pull more than $1 billion from the exchange after CEO leaves, pleads guilty",Technology
Huawei’s smartphone spinoff Honor plans IPO,Technology
